id;type_doc;nom_courrier;nom_email;nom_ep
1;49261;concept payment;robust;Granite Rubber
2;15190;Metal deposit;Rupiah;Human Mission
3;66755;Soap teal Licensed Wooden Pants;e-business;Awesome
4;12063;Island cyan;Granite open architecture;Ergonomic Soft Shoes
5;62790;Sleek GB Regional;Home;primary quantify Chips
6;20934;cultivate Bedfordshire;navigate Kiribati;bypass Games Customer-focused
7;71334;Internal Buckinghamshire Antarctica (the territory South of 60 deg S);ADP;Hungary Configurable
8;26924;leverage Toys software;Incredible;Concrete National
9;59359;Indian Rupee bluetooth;Club Nebraska;Nevada quantify architectures
10;12758;encompassing customized;Home Loan Account Grass-roots;Director Personal Loan Account
